ID,LONGDISTANCE,INTERNATIONAL,LOCAL,DROPPED,PAYMETHOD,LOCALBILLTYPE,LONGDISTANCEBILLTYPE,USAGE,RATEPLAN
1,23,0,206,0,CC,Budget,Intnl_discount,229,3
6,29,0,45,0,CH,FreeLocal,Standard,75,2
8,24,0,22,0,CC,FreeLocal,Standard,47,3
11,26,0,32,1,CC,Budget,Standard,59,1
17,12,0,46,4,CC,FreeLocal,Standard,58,1
21,20,0,13,0,CC,Budget,Standard,34,3
22,9,0,38,0,CC,Budget,Standard,48,2
24,17,4,49,1,Auto,FreeLocal,Standard,72,2
35,0,0,28,0,CC,FreeLocal,Standard,29,4
36,22,0,13,0,Auto,Budget,Standard,36,4
38,26,0,12,0,CC,FreeLocal,Standard,38,4
42,13,8,56,0,CC,Budget,Standard,78,2
45,11,1,22,0,CC,FreeLocal,Standard,36,2
48,14,0,25,0,CC,Budget,Standard,40,1
52,4,0,91,1,CC,Budget,Standard,96,3
53,16,0,81,0,CH,Budget,Standard,98,4
54,3,0,11,1,CC,Budget,Standard,15,2
60,11,0,50,0,CC,FreeLocal,Standard,61,4
63,12,0,163,0,CC,Budget,Intnl_discount,175,1
68,18,0,59,0,CC,FreeLocal,Standard,77,3
73,26,0,9,0,Auto,FreeLocal,Intnl_discount,35,4
77,9,4,111,0,Auto,Budget,Intnl_discount,125,4
78,18,0,20,0,CH,FreeLocal,Intnl_discount,39,4
79,20,8,13,0,CC,FreeLocal,Standard,43,4
81,14,8,10,0,CH,FreeLocal,Standard,33,4
83,18,0,31,0,Auto,FreeLocal,Intnl_discount,50,4
85,24,0,20,0,CH,FreeLocal,Intnl_discount,44,4
86,15,0,24,0,CH,FreeLocal,Standard,39,3
88,2,8,17,0,CC,FreeLocal,Standard,28,4
90,16,1,125,0,CC,FreeLocal,Intnl_discount,142,2
92,24,0,73,0,CH,FreeLocal,Standard,97,2
94,9,0,11,0,CC,FreeLocal,Standard,21,1
95,20,0,41,1,CC,Budget,Intnl_discount,62,2
110,1,0,11,0,CC,Budget,Standard,14,3
111,25,0,179,0,CC,FreeLocal,Standard,206,2
120,29,0,52,0,Auto,FreeLocal,Standard,82,2
121,27,0,57,0,CC,Budget,Standard,85,3
127,22,0,34,0,Auto,Budget,Standard,57,2
130,0,0,3,0,CC,Budget,Standard,3,4
133,20,1,112,0,Auto,Budget,Intnl_discount,134,1
135,0,0,0,0,Auto,Budget,Intnl_discount,0,2
136,15,1,12,0,CC,Budget,Standard,29,1
140,28,0,161,0,CC,FreeLocal,Intnl_discount,190,2
142,6,0,58,0,CC,Budget,Standard,64,1
148,26,0,13,0,CC,FreeLocal,Standard,40,3
158,11,0,15,0,CC,Budget,Standard,26,1
160,22,0,28,0,Auto,Budget,Standard,50,4
161,2,0,150,0,Auto,FreeLocal,Standard,152,2
166,13,1,36,0,CH,FreeLocal,Standard,51,3
169,29,0,8,0,CH,Budget,Intnl_discount,38,1
174,0,3,10,0,CC,Budget,Intnl_discount,14,4
178,27,0,23,0,CC,Budget,Standard,51,3
180,11,0,25,0,CC,FreeLocal,Standard,37,4
190,10,0,57,0,CC,FreeLocal,Standard,67,1
191,29,0,10,0,CC,FreeLocal,Standard,40,4
192,9,0,62,1,CH,FreeLocal,Standard,72,3
194,29,0,332,0,CC,Budget,Standard,361,1
195,11,0,28,0,CC,FreeLocal,Intnl_discount,40,2
198,11,0,95,0,Auto,Budget,Standard,107,1
201,21,0,29,1,CC,FreeLocal,Standard,51,4
206,0,0,22,0,CC,Budget,Standard,22,1
209,20,0,23,0,CC,Budget,Intnl_discount,43,4
218,29,0,90,4,Auto,FreeLocal,Intnl_discount,119,3
219,24,6,27,0,Auto,Budget,Standard,58,2
221,15,0,70,0,CC,Budget,Intnl_discount,85,4
224,6,0,15,0,CC,FreeLocal,Standard,21,2
225,0,0,23,2,Auto,Budget,Standard,24,4
229,2,0,9,0,CC,Budget,Intnl_discount,12,4
231,26,0,103,0,CC,FreeLocal,Standard,129,1
232,5,8,63,0,Auto,FreeLocal,Standard,77,3
233,6,0,30,0,Auto,FreeLocal,Intnl_discount,37,2
234,16,0,113,1,CH,Budget,Standard,129,2
236,22,0,41,0,CC,Budget,Intnl_discount,64,3
237,28,0,38,0,CC,FreeLocal,Standard,67,4
238,17,0,8,0,CH,FreeLocal,Intnl_discount,26,4
239,13,0,144,0,CC,Budget,Standard,158,3
241,22,0,151,0,Auto,FreeLocal,Intnl_discount,174,2
243,13,0,11,0,Auto,FreeLocal,Standard,25,3
244,25,0,10,0,CC,FreeLocal,Intnl_discount,35,3
246,25,0,252,1,Auto,Budget,Standard,277,2
254,0,0,10,0,CC,FreeLocal,Standard,10,3
257,22,0,63,0,Auto,FreeLocal,Standard,86,3
261,20,0,37,0,Auto,Budget,Standard,57,3
263,21,0,139,0,Auto,Budget,Standard,160,3
264,6,4,153,0,CC,FreeLocal,Intnl_discount,164,2
265,19,2,14,1,Auto,Budget,Intnl_discount,35,4
266,2,0,36,1,CC,FreeLocal,Standard,38,3
267,7,0,65,0,CH,Budget,Intnl_discount,73,2
272,21,0,19,0,CC,FreeLocal,Intnl_discount,41,4
281,29,0,116,3,CH,Budget,Standard,145,2
284,10,0,137,0,CC,FreeLocal,Standard,147,4
285,23,0,126,0,Auto,FreeLocal,Standard,150,3
286,0,0,2,0,CH,Budget,Standard,2,4
288,2,1,43,0,CH,Budget,Intnl_discount,46,2
289,20,8,80,0,CH,Budget,Intnl_discount,109,1
291,14,3,45,0,CC,Budget,Standard,63,3
295,22,7,65,0,CC,FreeLocal,Standard,95,4
304,22,7,64,0,CC,FreeLocal,Intnl_discount,94,3
305,14,0,8,0,CC,Budget,Standard,22,4
308,16,5,30,0,CC,FreeLocal,Intnl_discount,52,2
312,8,0,22,0,CC,FreeLocal,Standard,31,4
313,21,0,256,0,CC,Budget,Standard,278,2
315,28,0,113,0,CC,FreeLocal,Standard,141,2
317,7,4,43,0,CC,FreeLocal,Standard,55,4
318,14,5,73,0,CH,FreeLocal,Standard,93,4
320,20,2,90,0,Auto,FreeLocal,Standard,112,2
326,29,0,62,0,CH,Budget,Standard,92,4
329,17,6,51,0,CC,FreeLocal,Standard,74,2
331,0,0,3,0,CC,Budget,Intnl_discount,3,3
332,18,0,104,0,CC,Budget,Standard,123,4
333,0,0,10,0,Auto,Budget,Standard,10,2
334,15,0,25,0,CC,FreeLocal,Standard,40,4
335,29,0,59,0,CC,FreeLocal,Standard,88,2
336,18,0,25,0,Auto,FreeLocal,Standard,44,4
338,0,7,208,0,Auto,Budget,Standard,215,4
339,23,0,51,0,Auto,FreeLocal,Standard,74,3
343,6,0,43,0,CC,FreeLocal,Standard,50,1
346,6,0,46,0,CC,FreeLocal,Standard,53,1
349,27,0,93,0,CH,Budget,Standard,120,3
350,7,0,9,1,CC,Budget,Standard,17,1
351,0,0,2,0,CH,Budget,Intnl_discount,2,4
353,26,0,236,0,CC,Budget,Standard,263,4
356,20,0,84,0,CC,FreeLocal,Intnl_discount,104,3
358,2,0,164,0,CC,Budget,Intnl_discount,167,1
361,6,7,128,1,CC,FreeLocal,Standard,142,2
363,0,0,4,0,CC,Budget,Standard,4,4
370,7,0,20,1,CH,Budget,Standard,28,1
372,21,3,17,0,CC,FreeLocal,Standard,42,2
374,25,0,8,0,CH,FreeLocal,Standard,34,2
375,0,0,112,0,CC,Budget,Standard,113,3
383,27,0,51,0,Auto,FreeLocal,Standard,78,2
384,29,5,35,0,CC,Budget,Standard,70,2
385,20,0,100,0,Auto,Budget,Standard,120,1
388,19,0,118,0,Auto,FreeLocal,Standard,137,2
389,17,0,27,0,CH,Budget,Standard,44,2
391,10,0,32,0,Auto,FreeLocal,Standard,43,2
392,21,0,192,0,CC,FreeLocal,Standard,214,2
394,8,9,77,0,CH,Budget,Standard,94,2
404,17,0,106,0,Auto,FreeLocal,Standard,123,3
405,8,0,37,0,CH,FreeLocal,Standard,46,2
407,11,0,12,0,CH,FreeLocal,Intnl_discount,23,3
408,2,0,50,0,Auto,Budget,Standard,52,2
414,9,9,8,0,CC,FreeLocal,Intnl_discount,27,1
422,0,0,0,0,Auto,Budget,Standard,0,2
423,28,0,160,0,CC,FreeLocal,Standard,176,1
424,2,0,24,0,CH,Budget,Intnl_discount,27,3
428,3,8,5,0,CC,Budget,Intnl_discount,16,2
429,20,0,106,0,Auto,FreeLocal,Intnl_discount,127,2
431,30,0,262,0,CC,Budget,Standard,265,3
436,22,0,82,0,CC,Budget,Intnl_discount,104,2
438,11,0,5,0,CC,Budget,Standard,17,4
439,40,0,99,0,CC,FreeLocal,Standard,108,2
441,27,0,154,0,CC,Budget,Intnl_discount,168,2
442,26,0,61,0,CC,Budget,Standard,65,2
443,33,0,35,0,Auto,Budget,Standard,41,3
444,33,0,9,0,Auto,Budget,Intnl_discount,23,1
445,37,2,38,0,CC,FreeLocal,Standard,62,1
450,13,0,96,0,CC,FreeLocal,Standard,110,4
455,21,0,6,0,CC,Budget,Standard,27,2
456,29,0,13,0,CC,FreeLocal,Standard,42,1
458,14,0,88,0,CH,Budget,Intnl_discount,102,1
461,11,0,5,0,CC,FreeLocal,Standard,18,1
463,14,6,214,0,CC,Budget,Standard,234,2
464,3,0,100,0,CC,Budget,Intnl_discount,113,2
466,8,0,6,0,CC,FreeLocal,Intnl_discount,33,2
468,7,0,43,0,CC,FreeLocal,Standard,56,2
469,28,0,17,0,CC,FreeLocal,Standard,45,2
470,12,0,89,0,CH,FreeLocal,Standard,102,1
472,12,0,18,0,CC,Budget,Standard,31,1
474,5,7,76,0,CH,FreeLocal,Intnl_discount,88,1
475,21,0,85,0,CC,Budget,Intnl_discount,107,3
476,3,0,37,0,CH,Budget,Intnl_discount,40,1
477,20,0,9,0,Auto,Budget,Intnl_discount,29,3
479,18,0,8,0,CC,Budget,Standard,27,2
481,20,4,117,0,CH,Budget,Intnl_discount,142,3
484,21,0,87,0,CC,Budget,Standard,109,2
488,13,0,8,0,CH,FreeLocal,Standard,22,2
497,29,0,9,0,CC,Budget,Intnl_discount,38,1
499,23,0,10,0,Auto,Budget,Intnl_discount,34,2
504,16,0,114,0,CH,Budget,Standard,130,3
505,7,0,6,0,CC,Budget,Standard,13,4
506,21,0,87,0,CC,Budget,Standard,108,4
510,8,0,13,0,CH,Budget,Standard,21,2
513,23,0,206,0,CC,Budget,Intnl_discount,229,2
518,29,0,45,0,CH,FreeLocal,Standard,75,1
520,24,0,22,0,CC,FreeLocal,Standard,47,2
523,26,0,32,1,CC,Budget,Standard,59,4
526,5,0,23,0,CH,Budget,Intnl_discount,28,1
529,12,0,46,4,CC,FreeLocal,Standard,58,1
530,26,0,32,0,CC,Budget,Intnl_discount,58,2
534,9,0,38,0,CC,Budget,Standard,48,3
536,17,4,49,1,Auto,FreeLocal,Standard,72,4
547,0,0,28,0,CC,FreeLocal,Standard,29,4
548,22,0,13,0,Auto,Budget,Standard,36,1
549,28,0,45,0,CH,Budget,Standard,74,4
550,26,0,12,0,CC,FreeLocal,Standard,38,4
554,13,8,56,0,CC,Budget,Standard,78,1
560,14,0,25,0,CC,Budget,Standard,40,4
564,4,0,91,1,CC,Budget,Standard,96,3
565,16,0,81,0,CH,Budget,Standard,98,4
566,3,0,11,1,CC,Budget,Standard,15,1
572,11,0,50,0,CC,FreeLocal,Standard,61,2
573,21,0,293,0,CH,Budget,Standard,314,4
574,0,0,2,0,CC,Budget,Standard,2,3
575,12,0,163,0,CC,Budget,Intnl_discount,175,2
577,0,0,1,0,CC,FreeLocal,Intnl_discount,1,2
580,18,0,59,0,CC,FreeLocal,Standard,77,3
585,26,0,9,0,Auto,FreeLocal,Intnl_discount,35,3
587,23,0,50,0,Auto,FreeLocal,Standard,73,4
591,20,8,13,0,CC,FreeLocal,Standard,43,4
593,14,8,10,0,CH,FreeLocal,Standard,33,4
596,16,0,56,0,CC,Budget,Intnl_discount,72,4
598,15,0,24,0,CH,FreeLocal,Standard,39,4
602,16,1,125,0,CC,FreeLocal,Intnl_discount,142,2
604,24,0,73,0,CH,FreeLocal,Standard,97,3
606,9,0,11,0,CC,FreeLocal,Standard,21,4
609,1,0,25,0,CC,FreeLocal,Standard,27,4
616,29,9,104,0,CC,Budget,Standard,143,4
621,16,5,10,0,CC,Budget,Standard,32,4
622,3,0,11,0,CC,Budget,Standard,14,2
626,27,0,58,0,Auto,Budget,Standard,86,3
633,27,0,57,0,CC,Budget,Standard,85,4
639,22,0,34,0,Auto,Budget,Standard,57,1
645,20,1,112,0,Auto,Budget,Intnl_discount,134,2
647,0,0,0,0,Auto,Budget,Intnl_discount,0,4
648,15,1,12,0,CC,Budget,Standard,29,3
651,22,0,27,0,CH,Budget,Standard,49,2
652,28,0,161,0,CC,FreeLocal,Intnl_discount,190,2
654,6,0,58,0,CC,Budget,Standard,64,4
666,11,9,115,1,CC,FreeLocal,Intnl_discount,137,4
670,11,0,15,0,CC,Budget,Standard,26,3
672,22,0,28,0,Auto,Budget,Standard,50,2
690,27,0,23,0,CC,Budget,Standard,51,1
694,23,0,80,0,Auto,Budget,Standard,103,1
702,10,0,57,0,CC,FreeLocal,Standard,67,2
704,9,0,62,1,CH,FreeLocal,Standard,72,4
707,11,0,28,0,CC,FreeLocal,Intnl_discount,40,1
715,23,0,168,0,CC,FreeLocal,Standard,191,1
721,20,0,23,0,CC,Budget,Intnl_discount,43,1
726,4,0,114,1,CH,Budget,Standard,118,3
730,29,0,90,4,Auto,FreeLocal,Intnl_discount,119,4
731,24,6,27,0,Auto,Budget,Standard,58,4
734,4,7,8,0,CC,Budget,Standard,20,3
737,0,0,23,2,Auto,Budget,Standard,24,2
740,4,0,6,0,CC,Budget,Intnl_discount,11,2
741,2,0,9,0,CC,Budget,Intnl_discount,12,4
746,16,0,113,1,CH,Budget,Standard,129,2
748,22,0,41,0,CC,Budget,Intnl_discount,64,3
750,17,0,8,0,CH,FreeLocal,Intnl_discount,26,4
751,13,0,144,0,CC,Budget,Standard,158,2
752,10,0,93,0,CC,Budget,Standard,104,4
754,15,0,8,0,CC,FreeLocal,Intnl_discount,24,1
756,25,0,10,0,CC,FreeLocal,Intnl_discount,35,2
759,3,3,26,1,CC,FreeLocal,Standard,34,1
766,0,0,10,0,CC,FreeLocal,Standard,10,4
767,22,0,103,1,CC,FreeLocal,Standard,126,1
773,20,0,37,0,Auto,Budget,Standard,57,4
775,21,0,139,0,Auto,Budget,Standard,160,2
777,19,2,14,1,Auto,Budget,Intnl_discount,35,2
779,7,0,65,0,CH,Budget,Intnl_discount,73,4
784,21,0,19,0,CC,FreeLocal,Intnl_discount,41,2
791,0,0,2,0,CH,FreeLocal,Intnl_discount,2,4
792,18,5,20,0,CC,Budget,Standard,43,4
795,27,0,45,0,Auto,Budget,Standard,73,1
796,10,0,137,0,CC,FreeLocal,Standard,147,4
800,2,1,43,0,CH,Budget,Intnl_discount,46,3
801,20,8,80,0,CH,Budget,Intnl_discount,109,4
803,14,3,45,0,CC,Budget,Standard,63,3
807,22,7,65,0,CC,FreeLocal,Standard,95,1
820,16,5,30,0,CC,FreeLocal,Intnl_discount,52,4
824,8,0,22,0,CC,FreeLocal,Standard,31,3
827,28,0,113,0,CC,FreeLocal,Standard,141,4
829,7,4,43,0,CC,FreeLocal,Standard,55,1
830,14,5,73,0,CC,FreeLocal,Standard,93,1
838,29,0,62,0,CH,Budget,Standard,92,1
840,1,0,29,0,CC,Budget,Standard,31,4
841,17,6,51,0,CC,FreeLocal,Standard,74,4
843,0,0,3,0,CC,Budget,Intnl_discount,3,1
844,18,0,104,0,CC,Budget,Standard,123,1
845,0,0,10,0,Auto,Budget,Standard,10,3
847,29,0,59,0,CC,FreeLocal,Standard,88,3
848,18,0,25,0,Auto,FreeLocal,Standard,44,2
851,23,0,51,0,Auto,FreeLocal,Standard,74,3
858,6,0,46,0,CC,FreeLocal,Standard,53,3
861,27,0,93,0,CH,Budget,Standard,120,4
862,7,0,9,1,CC,Budget,Standard,17,3
863,0,0,2,0,CH,Budget,Intnl_discount,2,4
868,20,0,84,0,CC,FreeLocal,Intnl_discount,104,2
870,2,0,164,0,CC,Budget,Intnl_discount,167,2
872,12,0,53,0,Auto,FreeLocal,Intnl_discount,66,1
873,6,7,128,1,CC,FreeLocal,Standard,142,2
875,0,0,4,0,CC,Budget,Standard,4,1
886,25,0,8,0,CH,FreeLocal,Standard,34,4
887,0,0,112,0,CC,Budget,Standard,113,2
891,24,5,60,0,CC,FreeLocal,Standard,90,1
895,27,0,51,0,Auto,FreeLocal,Standard,78,3
897,20,0,100,0,Auto,Budget,Standard,120,3
898,2,0,65,0,Auto,FreeLocal,Standard,93,2
900,19,0,118,0,Auto,FreeLocal,Standard,137,1
901,17,0,27,0,CH,Budget,Standard,44,3
903,10,0,32,0,Auto,FreeLocal,Standard,43,4
904,21,0,192,0,CC,FreeLocal,Standard,214,2
906,8,9,77,0,CH,Budget,Standard,94,3
910,20,0,19,0,CC,Budget,Standard,41,4
913,15,0,6,0,CC,Budget,Standard,22,2
916,17,0,106,0,Auto,FreeLocal,Standard,123,1
917,8,0,37,0,CH,FreeLocal,Standard,46,1
919,11,0,12,0,CH,FreeLocal,Intnl_discount,23,3
926,9,9,8,0,CC,FreeLocal,Intnl_discount,27,2
933,27,6,124,2,CH,FreeLocal,Standard,157,2
934,0,0,0,0,Auto,Budget,Standard,0,4
935,29,0,160,0,CC,FreeLocal,Standard,176,1
936,2,0,24,0,CH,Budget,Intnl_discount,27,2
939,1,0,83,0,CC,FreeLocal,Intnl_discount,84,3
940,3,8,5,0,CC,Budget,Intnl_discount,16,4
941,20,0,106,0,Auto,FreeLocal,Intnl_discount,127,3
943,30,0,262,0,CC,Budget,Standard,265,3
950,11,0,5,0,CC,Budget,Standard,17,3
952,26,0,26,0,Auto,FreeLocal,Intnl_discount,48,4
953,27,0,154,0,CC,Budget,Intnl_discount,168,3
954,26,0,61,0,CC,Budget,Standard,65,2
957,37,2,38,0,CC,FreeLocal,Standard,62,2
958,28,0,106,0,CC,Budget,Standard,134,1
967,21,0,6,0,CC,Budget,Standard,27,4
968,29,0,13,0,CC,FreeLocal,Standard,42,4
972,6,0,132,0,CC,FreeLocal,Standard,139,4
973,11,0,5,0,CC,FreeLocal,Standard,18,3
974,3,0,25,1,CC,Budget,Intnl_discount,29,3
975,14,6,214,0,CC,Budget,Standard,234,3
976,2,0,100,0,CC,Budget,Intnl_discount,113,2
977,2,7,40,0,CC,Budget,Standard,73,2
978,2,0,6,0,CC,FreeLocal,Intnl_discount,33,2
979,2,0,49,0,Auto,FreeLocal,Standard,50,2
980,2,0,43,0,CC,FreeLocal,Standard,56,2
981,28,0,17,0,CC,FreeLocal,Standard,45,3
982,12,0,89,0,CH,FreeLocal,Standard,102,1
983,12,8,45,0,CC,Budget,Intnl_discount,66,4
984,12,0,18,0,CC,Budget,Standard,31,1
985,2,5,23,0,Auto,Budget,Intnl_discount,31,3
987,21,0,85,0,CC,Budget,Intnl_discount,107,4
988,3,0,37,0,CH,Budget,Intnl_discount,40,1
989,20,0,9,0,Auto,Budget,Intnl_discount,29,2
990,3,0,40,0,CC,FreeLocal,Standard,44,2
991,18,0,8,0,CC,Budget,Standard,27,2
996,21,0,87,0,CC,Budget,Standard,109,1
1004,28,0,60,0,Auto,FreeLocal,Standard,89,4
1005,24,0,5,0,CH,Budget,Standard,29,4
1008,0,0,4,2,CC,Budget,Standard,4,2
1009,29,0,9,0,CC,Budget,Intnl_discount,38,2
1010,13,0,40,0,CC,Budget,Standard,53,4
1016,16,0,114,0,CH,Budget,Standard,130,1
1017,7,0,6,0,CC,Budget,Standard,13,3
1018,21,0,87,0,CC,Budget,Standard,108,1
1020,0,0,11,0,CC,FreeLocal,Intnl_discount,12,3
1022,8,0,13,0,CH,Budget,Standard,21,3
1030,29,0,45,0,CH,FreeLocal,Standard,75,4
1032,24,0,22,0,CC,FreeLocal,Standard,47,1
1038,5,0,23,0,CH,Budget,Intnl_discount,28,2
1041,12,0,46,4,CC,FreeLocal,Standard,58,4
1042,26,0,32,0,CC,Budget,Intnl_discount,58,1
1045,20,0,13,0,CC,Budget,Standard,34,2
1046,9,0,38,0,CC,Budget,Standard,48,1
1047,9,0,6,0,CC,Budget,Intnl_discount,15,1
1048,17,4,49,1,Auto,FreeLocal,Standard,72,3
1059,0,0,28,0,CC,FreeLocal,Standard,29,3
1061,28,0,45,0,CH,Budget,Standard,74,4
1066,13,8,56,0,CC,Budget,Standard,78,3
1069,11,1,22,0,CC,FreeLocal,Standard,36,2
1072,14,0,25,0,CC,Budget,Standard,40,4
1073,20,0,15,1,CC,FreeLocal,Standard,36,4
1084,11,0,50,0,CC,FreeLocal,Standard,61,4
1085,21,0,293,0,CH,Budget,Standard,314,2
1086,0,0,2,0,CC,Budget,Standard,2,2
1087,12,0,163,0,CC,Budget,Intnl_discount,175,4
1092,18,0,59,0,CC,FreeLocal,Standard,77,2
1095,20,0,39,0,CH,Budget,Intnl_discount,59,4
1098,28,4,13,0,CC,Budget,Intnl_discount,47,4
1099,23,0,50,0,Auto,FreeLocal,Standard,73,1
1101,9,4,111,0,Auto,Budget,Intnl_discount,125,4
1103,20,8,13,0,CC,FreeLocal,Standard,43,4
1104,11,0,47,0,Auto,Budget,Standard,58,4
1108,16,0,56,0,CC,Budget,Intnl_discount,72,4
1113,11,0,74,0,Auto,FreeLocal,Intnl_discount,86,2
1114,16,1,125,0,CC,FreeLocal,Intnl_discount,142,1
1116,24,0,73,0,CH,FreeLocal,Standard,97,2
1132,22,0,40,0,Auto,Budget,Standard,62,1
1134,2,0,11,0,CC,Budget,Standard,14,2
1144,29,0,52,0,Auto,FreeLocal,Standard,82,1
1145,27,0,57,0,CC,Budget,Standard,85,1
1148,3,0,44,0,CC,FreeLocal,Standard,47,4
1159,0,0,0,0,Auto,Budget,Intnl_discount,0,4
1160,15,1,12,0,CC,Budget,Standard,29,3
1162,2,1,12,0,CC,FreeLocal,Standard,13,2
1163,22,0,27,0,CH,Budget,Standard,49,2
1178,11,9,115,1,Auto,FreeLocal,Intnl_discount,137,1
1182,11,0,15,0,CC,Budget,Standard,26,1
1184,22,0,28,0,Auto,Budget,Standard,50,3
1185,2,0,150,0,Auto,FreeLocal,Standard,152,3
1193,29,0,8,0,CH,Budget,Intnl_discount,38,1
1198,0,3,10,0,CC,Budget,Intnl_discount,14,4
1202,27,0,23,0,CC,Budget,Standard,51,4
1204,11,0,25,0,CC,FreeLocal,Standard,37,3
1206,23,0,80,0,Auto,Budget,Standard,103,4
1214,10,0,57,0,CC,FreeLocal,Standard,67,1
1215,29,0,10,0,CC,FreeLocal,Standard,40,1
1218,29,0,332,0,CC,Budget,Standard,361,2
1219,11,0,28,0,CC,FreeLocal,Intnl_discount,40,3
1222,11,0,95,0,Auto,Budget,Standard,107,1
1225,21,0,29,1,CC,FreeLocal,Standard,51,1
1227,23,0,168,0,CC,FreeLocal,Standard,191,1
1233,20,0,23,0,CC,Budget,Intnl_discount,43,3
1238,4,0,114,1,CH,Budget,Standard,118,3
1243,24,6,27,0,Auto,Budget,Standard,58,3
1244,25,0,68,0,CC,FreeLocal,Standard,94,1
1246,4,7,8,0,CC,Budget,Standard,20,4
1248,6,0,15,0,CC,FreeLocal,Standard,21,1
1249,0,0,23,2,Auto,Budget,Standard,24,3
1252,4,0,6,0,CC,Budget,Intnl_discount,11,3
1253,2,0,9,0,CC,Budget,Intnl_discount,12,2
1255,26,0,103,0,CC,FreeLocal,Standard,129,4
1256,5,8,63,0,Auto,FreeLocal,Standard,77,3
1257,6,0,30,0,Auto,FreeLocal,Intnl_discount,37,1
1260,22,0,41,0,CC,Budget,Intnl_discount,64,3
1261,28,0,38,0,CC,FreeLocal,Standard,67,4
1262,17,0,8,0,CH,FreeLocal,Intnl_discount,26,1
1264,10,0,93,0,CC,Budget,Standard,104,3
1265,22,0,151,0,Auto,FreeLocal,Intnl_discount,174,3
1267,13,0,11,0,Auto,FreeLocal,Standard,25,2
1268,25,0,10,0,CC,FreeLocal,Intnl_discount,35,3
1273,17,0,39,0,CC,Budget,Intnl_discount,57,4
1276,5,8,25,0,CC,Budget,Intnl_discount,39,1
1278,0,0,10,0,CC,FreeLocal,Standard,10,1
1279,22,0,103,1,CC,FreeLocal,Standard,126,2
1280,0,0,0,0,CC,FreeLocal,Standard,0,2
1281,22,0,63,0,Auto,FreeLocal,Standard,86,4
1282,0,0,2,0,CC,FreeLocal,Standard,2,2
1283,4,7,258,0,CC,Budget,Intnl_discount,270,2
1284,25,0,125,2,CH,FreeLocal,Standard,151,4
1287,21,0,139,0,Auto,Budget,Standard,160,4
1290,2,0,36,1,CC,FreeLocal,Standard,38,1
1291,7,0,65,0,CH,Budget,Intnl_discount,73,3
1292,10,0,13,0,CC,FreeLocal,Standard,23,2
1296,21,0,19,0,CC,FreeLocal,Intnl_discount,41,2
1299,11,0,48,0,CC,Budget,Intnl_discount,59,1
1300,11,0,28,0,Auto,Budget,Intnl_discount,40,4
1301,17,6,51,0,CC,FreeLocal,Standard,74,4
1303,0,0,2,0,CH,FreeLocal,Intnl_discount,2,1
1304,18,5,20,0,CC,Budget,Standard,43,2
1305,29,0,116,3,CH,Budget,Standard,145,2
1306,28,0,45,0,CH,Budget,Standard,74,4
1307,27,0,45,0,Auto,Budget,Standard,73,1
1309,23,0,126,0,Auto,FreeLocal,Standard,150,3
1310,0,0,2,0,CH,Budget,Standard,2,1
1311,12,0,83,0,CH,FreeLocal,Standard,96,1
1312,2,1,43,0,CH,Budget,Intnl_discount,46,3
1313,20,8,80,0,CH,Budget,Intnl_discount,109,3
1314,8,4,55,0,CH,Budget,Intnl_discount,68,3
1315,14,3,45,0,CC,Budget,Standard,63,1
1316,21,0,25,0,CC,Budget,Standard,46,2
1317,9,4,111,0,Auto,Budget,Intnl_discount,125,4
1318,19,0,105,0,CH,Budget,Standard,125,1
1319,22,7,65,0,CC,FreeLocal,Standard,95,1
1321,29,0,48,0,CC,FreeLocal,Standard,78,1
1322,12,0,7,0,Auto,Budget,Intnl_discount,20,4
1327,29,0,114,1,CC,FreeLocal,Standard,143,2
1331,19,6,11,0,CC,FreeLocal,Intnl_discount,38,1
1332,16,5,30,0,CC,FreeLocal,Intnl_discount,52,3
1334,22,8,75,0,CH,Budget,Intnl_discount,106,2
1336,8,0,22,0,CC,FreeLocal,Standard,31,4
1339,28,0,113,0,CC,FreeLocal,Standard,141,2
1341,7,4,43,0,CC,FreeLocal,Standard,55,1
1342,14,5,73,0,CC,FreeLocal,Standard,93,1
1344,20,2,90,0,Auto,FreeLocal,Standard,112,3
1346,16,4,18,0,CH,FreeLocal,Intnl_discount,39,2
1353,17,6,51,0,CC,FreeLocal,Standard,74,4
1355,0,0,3,0,CC,Budget,Intnl_discount,3,2
1359,29,0,59,0,CC,FreeLocal,Standard,88,1
1360,18,0,25,0,Auto,FreeLocal,Standard,44,1
1362,0,7,208,0,Auto,Budget,Standard,215,1
1363,23,0,51,0,Auto,FreeLocal,Standard,74,1
1365,4,3,82,0,CH,Budget,Intnl_discount,90,3
1367,6,0,43,0,CC,FreeLocal,Standard,50,2
1369,6,8,184,0,Auto,Budget,Standard,199,2
1374,7,0,9,1,CC,Budget,Standard,17,1
1375,0,0,2,0,CH,Budget,Intnl_discount,2,1
1378,7,0,7,0,CC,Budget,Standard,14,2
1379,25,7,54,0,CH,Budget,Intnl_discount,87,3
1380,20,0,84,0,CC,FreeLocal,Intnl_discount,104,4
1384,12,0,53,0,Auto,FreeLocal,Intnl_discount,66,4
1385,6,7,128,1,CC,FreeLocal,Standard,142,4
1387,0,0,4,0,CC,Budget,Standard,4,1
1399,0,0,112,0,CC,Budget,Standard,113,3
1401,0,0,3,1,CH,Budget,Intnl_discount,3,3
1403,24,5,60,0,CC,FreeLocal,Standard,90,4
1406,10,0,72,0,CC,Budget,Standard,82,3
1407,27,0,51,0,Auto,FreeLocal,Standard,78,2
1408,29,5,35,0,CC,Budget,Standard,70,3
1409,20,0,100,0,Auto,Budget,Standard,120,2
1410,2,0,65,0,Auto,FreeLocal,Standard,93,2
1413,17,0,27,0,CH,Budget,Standard,44,3
1418,8,9,77,0,CH,Budget,Standard,94,3
1422,20,0,19,0,CC,Budget,Standard,41,3
1428,17,0,106,0,Auto,FreeLocal,Standard,123,1
1429,8,0,37,0,CH,FreeLocal,Standard,46,4
1431,11,0,12,0,CH,FreeLocal,Intnl_discount,23,2
1432,2,0,50,0,Auto,Budget,Standard,52,1
1438,9,9,8,0,CC,FreeLocal,Intnl_discount,27,1
1445,27,6,124,2,CH,FreeLocal,Standard,157,4
1447,30,0,160,0,CC,FreeLocal,Standard,176,1
1448,2,0,24,0,CH,Budget,Intnl_discount,27,3
1451,1,0,83,0,CC,FreeLocal,Intnl_discount,84,1
1453,20,0,106,0,Auto,FreeLocal,Intnl_discount,127,2
1455,37,0,262,0,CC,Budget,Standard,265,3
1460,22,0,82,0,CC,Budget,Intnl_discount,104,3
1462,11,0,5,0,CC,Budget,Standard,17,3
1463,32,0,99,0,CC,FreeLocal,Standard,108,4
1464,39,0,26,0,Auto,FreeLocal,Intnl_discount,48,3
1465,59,0,154,0,CC,Budget,Intnl_discount,168,4
1466,43,0,61,0,CC,Budget,Standard,65,4
1467,39,0,35,0,Auto,Budget,Standard,41,1
1468,14,0,9,0,Auto,Budget,Intnl_discount,23,2
1469,59,2,38,0,CC,FreeLocal,Standard,62,4
1480,29,0,13,0,CC,FreeLocal,Standard,42,4
1482,14,0,88,0,CH,Budget,Intnl_discount,102,3
1484,6,0,132,0,CC,FreeLocal,Standard,139,4
1491,2,0,49,0,Auto,FreeLocal,Standard,50,2
1492,1,0,43,0,CC,FreeLocal,Standard,56,2
1494,12,0,89,0,CH,FreeLocal,Standard,102,1
1496,12,0,18,0,CC,Budget,Standard,31,1
1497,2,5,23,0,Auto,Budget,Intnl_discount,31,4
1498,5,7,76,0,CH,FreeLocal,Intnl_discount,88,2
1499,21,0,85,0,CC,Budget,Intnl_discount,107,1
1503,18,0,8,0,CC,Budget,Standard,27,2
1505,20,4,117,0,CH,Budget,Intnl_discount,142,4
1508,21,0,87,0,CC,Budget,Standard,109,3
1515,0,0,15,0,CC,FreeLocal,Standard,15,3
1516,28,0,60,0,Auto,FreeLocal,Standard,89,3
1519,29,0,40,0,CC,Budget,Intnl_discount,70,2
1522,13,0,40,0,CC,Budget,Standard,53,2
1523,23,0,10,0,Auto,Budget,Intnl_discount,34,2
1524,16,0,126,0,CC,FreeLocal,Standard,142,4
1529,7,0,6,0,CC,Budget,Standard,13,4
1530,21,0,87,0,CC,Budget,Standard,108,4
1532,0,0,11,0,CC,FreeLocal,Intnl_discount,12,3
1533,18,0,136,0,CH,FreeLocal,Standard,154,2
1534,8,0,13,0,CH,Budget,Standard,21,1
1537,23,0,206,0,CC,Budget,Intnl_discount,229,2
1542,29,0,45,0,CH,FreeLocal,Standard,75,1
1547,26,0,32,1,CC,Budget,Standard,59,4
1553,12,0,46,4,CC,FreeLocal,Standard,58,1
1559,9,0,6,0,CC,Budget,Intnl_discount,15,2
1560,17,4,49,1,Auto,FreeLocal,Standard,72,2
1572,22,0,13,0,Auto,Budget,Standard,36,4
1573,28,0,45,0,CH,Budget,Standard,74,4
1574,26,0,12,0,CC,FreeLocal,Standard,38,4
1581,11,1,22,0,CC,FreeLocal,Standard,36,2
1584,14,0,25,0,CC,Budget,Standard,40,3
1589,16,0,81,0,CH,Budget,Standard,98,4
1596,11,0,50,0,CC,FreeLocal,Standard,61,3
1597,21,0,293,0,CH,Budget,Standard,314,1
1598,0,0,2,0,CC,Budget,Standard,2,3
1599,12,0,163,0,CC,Budget,Intnl_discount,175,1
1601,0,0,1,0,CC,FreeLocal,Intnl_discount,1,3
1604,18,0,59,0,CC,FreeLocal,Standard,77,2
1610,28,4,13,0,CC,Budget,Intnl_discount,47,4
1615,20,8,13,0,CC,FreeLocal,Standard,43,4
1616,11,0,47,0,Auto,Budget,Standard,58,2
1619,18,0,31,0,Auto,FreeLocal,Intnl_discount,50,4
1620,16,0,56,0,CC,Budget,Intnl_discount,72,4
1622,15,0,24,0,CH,FreeLocal,Standard,39,1
1623,8,9,45,0,Auto,FreeLocal,Standard,63,2
1626,16,1,125,0,CC,FreeLocal,Intnl_discount,142,1
1628,24,0,73,0,CH,FreeLocal,Standard,97,3
1630,9,0,11,0,CC,FreeLocal,Standard,21,2
1640,29,9,104,0,CC,Budget,Standard,143,3
1644,22,0,40,0,Auto,Budget,Standard,62,2
1645,16,5,10,0,CC,Budget,Standard,32,4
1646,2,0,11,0,CC,Budget,Standard,14,2
1647,25,0,179,0,CC,FreeLocal,Standard,206,2
1650,27,0,58,0,Auto,Budget,Standard,86,1
1656,29,0,52,0,Auto,FreeLocal,Standard,82,2
1657,27,0,57,0,CC,Budget,Standard,85,4
1663,22,0,34,0,Auto,Budget,Standard,57,4
1669,20,1,112,0,Auto,Budget,Intnl_discount,134,1
1671,0,0,0,0,Auto,Budget,Intnl_discount,0,3
1672,15,1,12,0,CC,Budget,Standard,29,1
1674,7,1,12,0,CC,FreeLocal,Standard,13,2
1675,22,0,27,0,CH,Budget,Standard,49,4
1676,28,0,161,0,CC,FreeLocal,Intnl_discount,190,2
1677,8,0,39,0,CC,Budget,Standard,47,2
1678,6,0,58,0,CC,Budget,Standard,64,3
1690,11,9,115,1,CH,FreeLocal,Intnl_discount,137,1
1694,11,0,15,0,CC,Budget,Standard,26,2
1696,22,0,28,0,Auto,Budget,Standard,50,3
1697,2,0,150,0,Auto,FreeLocal,Standard,152,3
1710,0,3,10,0,CC,Budget,Intnl_discount,14,4
1714,27,0,23,0,CC,Budget,Standard,51,4
1716,11,0,25,0,CC,FreeLocal,Standard,37,3
1728,9,0,62,1,CH,FreeLocal,Standard,72,4
1730,29,0,332,0,CC,Budget,Standard,361,4
1731,11,0,28,0,CC,FreeLocal,Intnl_discount,40,2
1734,11,0,95,0,Auto,Budget,Standard,107,2
1737,21,0,29,1,CC,FreeLocal,Standard,51,2
1739,23,0,168,0,CC,FreeLocal,Standard,191,1
1742,0,0,22,0,CC,Budget,Standard,22,2
1754,29,0,90,4,Auto,FreeLocal,Intnl_discount,119,3
1755,24,6,27,0,Auto,Budget,Standard,58,2
1756,25,0,68,0,CC,FreeLocal,Standard,94,4
1758,4,7,8,0,CC,Budget,Standard,20,4
1760,6,0,15,0,CC,FreeLocal,Standard,21,4
1765,2,0,9,0,CC,Budget,Intnl_discount,12,1
1767,26,0,103,0,CC,FreeLocal,Standard,129,1
1768,5,8,63,0,Auto,FreeLocal,Standard,77,4
1772,22,0,41,0,CC,Budget,Intnl_discount,64,1
1773,28,0,38,0,CC,FreeLocal,Standard,67,2
1774,17,0,8,0,CH,FreeLocal,Intnl_discount,26,2
1775,13,0,144,0,CC,Budget,Standard,158,1
1778,15,0,8,0,CC,FreeLocal,Intnl_discount,24,4
1779,13,0,11,0,Auto,FreeLocal,Standard,25,1
1780,25,0,10,0,CC,FreeLocal,Intnl_discount,35,4
1785,17,0,39,0,CC,Budget,Intnl_discount,57,1
1788,5,8,25,0,CC,Budget,Intnl_discount,39,2
1790,0,0,10,0,CC,FreeLocal,Standard,10,3
1796,25,0,125,2,CH,FreeLocal,Standard,151,4
1797,20,0,37,0,Auto,Budget,Standard,57,1
1799,21,0,139,0,Auto,Budget,Standard,160,4
1801,19,2,14,1,Auto,Budget,Intnl_discount,35,1
1802,2,0,36,1,CC,FreeLocal,Standard,38,4
1803,7,0,65,0,CH,Budget,Intnl_discount,73,3
1808,21,0,19,0,CC,FreeLocal,Intnl_discount,41,4
1815,0,0,2,0,CH,FreeLocal,Intnl_discount,2,3
1816,18,5,20,0,CC,Budget,Standard,43,1
1817,29,0,116,3,CH,Budget,Standard,145,3
1820,10,0,137,0,CC,FreeLocal,Standard,147,2
1821,23,0,126,0,Auto,FreeLocal,Standard,150,4
1824,2,1,43,0,CH,Budget,Intnl_discount,46,2
1827,14,3,45,0,CC,Budget,Standard,63,4
1840,22,7,64,0,CC,FreeLocal,Intnl_discount,94,2
1841,14,0,8,0,CC,Budget,Standard,22,3
1844,16,5,30,0,CC,FreeLocal,Intnl_discount,52,1
1846,22,8,75,0,CH,Budget,Intnl_discount,106,4
1849,21,0,256,0,CC,Budget,Standard,278,3
1851,28,0,113,0,CC,FreeLocal,Standard,141,4
1854,14,5,73,0,CH,FreeLocal,Standard,93,1
1856,20,2,90,0,Auto,FreeLocal,Standard,112,1
1863,7,8,71,0,CH,Budget,Intnl_discount,87,2
1865,17,6,51,0,CC,FreeLocal,Standard,74,4
1867,0,0,3,0,CC,Budget,Intnl_discount,3,3
1868,18,0,104,0,CC,Budget,Standard,123,2
1869,0,0,10,0,Auto,Budget,Standard,10,3
1870,15,0,25,0,CC,FreeLocal,Standard,40,3
1871,29,0,59,0,CC,FreeLocal,Standard,88,1
1872,18,0,25,0,Auto,FreeLocal,Standard,44,4
1875,23,0,51,0,Auto,FreeLocal,Standard,74,3
1882,6,0,46,0,CC,FreeLocal,Standard,53,3
1890,7,0,7,0,CC,Budget,Standard,14,1
1891,25,7,54,0,CH,Budget,Intnl_discount,87,1
1896,12,0,53,0,Auto,FreeLocal,Intnl_discount,66,1
1899,0,0,4,0,CC,Budget,Standard,4,2
1908,21,3,17,0,CC,FreeLocal,Standard,42,2
1910,43,0,8,0,CH,FreeLocal,Standard,34,1
1911,0,0,112,0,CC,Budget,Standard,113,4
1913,0,0,3,1,CH,Budget,Intnl_discount,3,2
1915,24,5,60,0,CC,FreeLocal,Standard,90,1
1918,10,0,72,0,CC,Budget,Standard,82,1
1919,27,0,51,0,Auto,FreeLocal,Standard,78,1
1922,3,0,65,0,Auto,FreeLocal,Standard,93,2
1925,17,0,27,0,CH,Budget,Standard,44,2
1927,10,0,32,0,Auto,FreeLocal,Standard,43,2
1928,21,0,192,0,CC,FreeLocal,Standard,214,4
1930,8,9,77,0,CH,Budget,Standard,94,4
1934,20,0,19,0,CC,Budget,Standard,41,3
1937,15,0,6,0,CC,Budget,Standard,22,1
1940,17,0,106,0,Auto,FreeLocal,Standard,123,4
1941,8,0,37,0,CH,FreeLocal,Standard,46,1
1943,11,0,12,0,CH,FreeLocal,Intnl_discount,23,1
1958,0,0,0,0,Auto,Budget,Standard,0,4
1960,2,0,24,0,CH,Budget,Intnl_discount,27,2
1964,3,8,5,0,CC,Budget,Intnl_discount,16,1
1965,20,0,106,0,Auto,FreeLocal,Intnl_discount,127,3
1967,45,0,262,0,CC,Budget,Standard,265,1
1974,11,0,5,0,CC,Budget,Standard,17,4
1975,8,0,99,0,CC,FreeLocal,Standard,108,3
1977,45,0,154,0,CC,Budget,Intnl_discount,168,3
1979,28,0,35,0,Auto,Budget,Standard,41,1
1981,25,2,38,0,CC,FreeLocal,Standard,62,3
1986,13,0,96,0,CC,FreeLocal,Standard,110,2
1996,6,0,132,0,CC,FreeLocal,Standard,139,3
1997,11,0,5,0,CC,FreeLocal,Standard,18,1
1998,3,0,25,1,CC,Budget,Intnl_discount,29,1
1999,14,6,214,0,CC,Budget,Standard,234,3
2000,7,0,100,0,CC,Budget,Intnl_discount,113,2
2002,9,0,6,0,CC,FreeLocal,Intnl_discount,33,2
2003,7,0,49,0,Auto,FreeLocal,Standard,50,2
2004,2,0,43,0,CC,FreeLocal,Standard,56,2
2007,12,8,45,0,CC,Budget,Intnl_discount,66,2
2008,12,0,18,0,CC,Budget,Standard,31,1
2010,5,7,76,0,CH,FreeLocal,Intnl_discount,88,1
2011,21,0,85,0,CC,Budget,Intnl_discount,107,4
2012,3,0,37,0,CH,Budget,Intnl_discount,40,1
2013,20,0,9,0,Auto,Budget,Intnl_discount,29,2
2014,3,0,40,0,CC,FreeLocal,Standard,44,4
2015,18,0,8,0,CC,Budget,Standard,27,2
2017,20,4,117,0,CH,Budget,Intnl_discount,142,4
2020,21,0,87,0,CC,Budget,Standard,109,4
2027,0,0,15,0,CC,FreeLocal,Standard,15,1
2028,28,0,60,0,Auto,FreeLocal,Standard,89,4
2029,24,0,5,0,CH,Budget,Standard,29,4
2031,29,0,40,0,CC,Budget,Intnl_discount,70,2
2032,0,0,4,2,CC,Budget,Standard,4,2
2033,29,0,9,0,CC,Budget,Intnl_discount,38,2
2034,13,0,40,0,CC,Budget,Standard,53,1
2036,16,0,126,0,CC,FreeLocal,Standard,142,2
2040,16,0,114,0,CH,Budget,Standard,130,2
2042,21,0,87,0,CC,Budget,Standard,108,4
2044,0,0,11,0,CH,FreeLocal,Intnl_discount,12,1
2045,18,0,136,0,CC,FreeLocal,Standard,154,1
2046,8,0,13,0,CH,Budget,Standard,21,2
2060,20,0,13,0,CC,Budget,Standard,34,1
2062,9,0,6,0,CC,Budget,Intnl_discount,15,4
2063,17,4,49,1,Auto,FreeLocal,Standard,72,3
2071,14,0,25,0,CC,Budget,Standard,40,3
2073,20,0,39,0,CH,Budget,Intnl_discount,59,2
2078,29,9,104,0,CC,Budget,Standard,143,4
2082,22,0,40,0,Auto,Budget,Standard,62,3
2084,3,0,11,0,CC,Budget,Standard,14,2
2085,25,0,179,0,CC,FreeLocal,Standard,206,3
2087,27,0,58,0,Auto,Budget,Standard,86,3
2090,22,0,20,0,CC,Budget,Intnl_discount,43,1
2093,29,0,52,0,Auto,FreeLocal,Standard,82,1
2094,27,0,57,0,CC,Budget,Standard,85,3
2101,0,1,12,0,CC,FreeLocal,Standard,13,2
2109,26,0,13,0,CC,FreeLocal,Standard,40,3
2114,22,0,28,0,Auto,Budget,Standard,50,2
2117,13,1,36,0,CH,FreeLocal,Standard,51,2
2131,10,0,57,0,CC,FreeLocal,Standard,67,4
2134,11,0,95,0,Auto,Budget,Standard,107,1
2135,0,0,22,0,CC,Budget,Standard,22,2
2141,15,0,70,0,CC,Budget,Intnl_discount,85,1
2144,5,8,63,0,Auto,FreeLocal,Standard,77,1
2145,6,0,30,0,Auto,FreeLocal,Intnl_discount,37,1
2146,17,0,8,0,CH,FreeLocal,Intnl_discount,26,4
2148,10,0,93,0,CC,Budget,Standard,104,1
2149,22,0,151,0,Auto,FreeLocal,Intnl_discount,174,1
2150,15,0,8,0,CC,FreeLocal,Intnl_discount,24,1
2155,17,0,39,0,CC,Budget,Intnl_discount,57,1
2158,22,0,103,1,CC,FreeLocal,Standard,126,4
2159,4,7,258,0,CC,Budget,Intnl_discount,270,4
2162,20,8,80,0,CH,Budget,Intnl_discount,109,2
2165,12,0,7,0,Auto,Budget,Intnl_discount,20,2
2167,8,0,22,0,CC,FreeLocal,Standard,31,2
2168,21,0,256,0,CC,Budget,Standard,278,2
2169,28,0,113,0,CC,FreeLocal,Standard,141,4
2173,1,0,29,0,CC,Budget,Standard,31,4
2174,18,0,104,0,CC,Budget,Standard,123,2
2175,18,0,25,0,Auto,FreeLocal,Standard,44,1
2181,1,0,116,0,Auto,Budget,Standard,117,2
2182,33,0,8,0,CH,FreeLocal,Standard,34,3
2183,0,0,112,0,CC,Budget,Standard,113,1
2184,0,0,65,0,Auto,FreeLocal,Standard,93,2
2185,19,0,118,0,Auto,FreeLocal,Standard,137,4
2186,17,0,27,0,CH,Budget,Standard,44,3
2188,10,0,32,0,Auto,FreeLocal,Standard,43,1
2189,21,0,192,0,CC,FreeLocal,Standard,214,4
2191,8,9,77,0,CH,Budget,Standard,94,4
2195,20,0,19,0,CC,Budget,Standard,41,4
2198,15,0,6,0,CC,Budget,Standard,22,4
2201,17,0,106,0,Auto,FreeLocal,Standard,123,3
2202,8,0,37,0,CH,FreeLocal,Standard,46,1
2205,2,0,50,0,Auto,Budget,Standard,52,1
2211,9,9,8,0,CC,FreeLocal,Intnl_discount,27,4
2216,0,0,0,0,Auto,Budget,Standard,0,4
2217,35,0,160,0,CC,FreeLocal,Standard,176,1
2218,2,0,24,0,CH,Budget,Intnl_discount,27,4
2221,1,0,83,0,CC,FreeLocal,Intnl_discount,84,4
2222,3,8,5,0,CC,Budget,Intnl_discount,16,3
2223,20,0,106,0,Auto,FreeLocal,Intnl_discount,127,4
2225,39,0,262,0,CC,Budget,Standard,265,3
2230,22,0,82,0,CC,Budget,Intnl_discount,104,4
2232,11,0,5,0,CC,Budget,Standard,17,1
2233,8,0,99,0,CC,FreeLocal,Standard,108,1
2234,59,0,26,0,Auto,FreeLocal,Intnl_discount,48,1
2236,42,0,61,0,CC,Budget,Standard,65,3
2239,29,2,38,0,CC,FreeLocal,Standard,62,3
2243,13,0,96,0,CC,FreeLocal,Standard,110,3
2252,4,0,100,0,CC,Budget,Intnl_discount,113,2
2254,7,0,6,0,CC,FreeLocal,Intnl_discount,33,2
2257,5,7,76,0,CH,FreeLocal,Intnl_discount,88,1
2258,21,0,85,0,CC,Budget,Intnl_discount,107,1
2259,3,0,37,0,CH,Budget,Intnl_discount,40,1
2260,20,0,9,0,Auto,Budget,Intnl_discount,29,4
2261,3,0,40,0,CC,FreeLocal,Standard,44,2
2267,21,0,87,0,CC,Budget,Standard,109,2
2270,13,0,8,0,CH,FreeLocal,Standard,22,1
2274,28,0,60,0,Auto,FreeLocal,Standard,89,2
2275,24,0,5,0,CH,Budget,Standard,29,4
2279,29,0,9,0,CC,Budget,Intnl_discount,38,3
2280,13,0,40,0,CC,Budget,Standard,53,2
2281,23,0,10,0,Auto,Budget,Intnl_discount,34,3
2282,16,0,126,0,CC,FreeLocal,Standard,142,4
2285,16,0,114,0,CH,Budget,Standard,130,3
2286,7,0,6,0,CC,Budget,Standard,13,2
2287,21,0,87,0,CC,Budget,Standard,108,3
2289,0,0,11,0,CH,FreeLocal,Intnl_discount,12,4
2290,18,0,136,0,CC,FreeLocal,Standard,154,3
2291,8,0,13,0,CH,Budget,Standard,21,2
2294,23,0,206,0,CC,Budget,Intnl_discount,229,1
2301,26,0,32,0,CC,Budget,Intnl_discount,58,4
2304,20,0,13,0,CC,Budget,Standard,34,4
2305,9,0,38,0,CC,Budget,Standard,48,3
2315,14,0,25,0,CC,Budget,Standard,40,1
2317,20,0,39,0,CH,Budget,Intnl_discount,59,2
2322,29,9,104,0,CC,Budget,Standard,143,3
2327,16,5,10,0,CC,Budget,Standard,32,4
2328,3,0,11,0,CC,Budget,Standard,14,3
2331,27,0,58,0,Auto,Budget,Standard,86,1
2342,22,0,34,0,Auto,Budget,Standard,57,3
2347,29,9,104,0,CC,Budget,Standard,143,1
2352,16,5,10,0,CC,Budget,Standard,32,1
2354,25,0,179,0,CC,FreeLocal,Standard,206,3
2359,22,0,20,0,CC,Budget,Intnl_discount,43,2
2362,29,0,52,0,Auto,FreeLocal,Standard,82,4
2363,27,0,57,0,CC,Budget,Standard,85,4
2367,22,0,34,0,Auto,Budget,Standard,57,4
2371,22,0,27,0,CH,Budget,Standard,49,4
2372,8,0,39,0,CC,Budget,Standard,47,2
2373,6,0,58,0,CC,Budget,Standard,64,1
2377,7,0,196,0,CC,Budget,Standard,203,2
2388,29,0,8,0,CH,Budget,Intnl_discount,38,1
2391,27,0,23,0,CC,Budget,Standard,51,3
2392,11,0,25,0,CC,FreeLocal,Standard,37,1
2400,10,0,57,0,CC,FreeLocal,Standard,67,1
2403,11,0,95,0,Auto,Budget,Standard,107,2
2404,0,0,22,0,CC,Budget,Standard,22,3
2413,5,8,63,0,Auto,FreeLocal,Standard,77,1
2415,17,0,8,0,CH,FreeLocal,Intnl_discount,26,3
2417,10,0,93,0,CC,Budget,Standard,104,3
2419,15,0,8,0,CC,FreeLocal,Intnl_discount,24,4
2420,13,0,11,0,Auto,FreeLocal,Standard,25,2
2422,25,0,252,1,Auto,Budget,Standard,277,3
2423,3,3,26,1,CH,FreeLocal,Standard,34,1
2424,17,0,39,0,CC,Budget,Intnl_discount,57,2
2427,22,0,103,1,CC,FreeLocal,Standard,126,1
2431,20,8,80,0,CH,Budget,Intnl_discount,109,1
2434,12,0,7,0,Auto,Budget,Intnl_discount,20,2
2436,8,0,22,0,CC,FreeLocal,Standard,31,3
2437,21,0,256,0,CC,Budget,Standard,278,4
2438,28,0,113,0,CC,FreeLocal,Standard,141,2
2443,18,0,104,0,CC,Budget,Standard,123,3
2451,45,0,8,0,CH,FreeLocal,Standard,34,1
2454,19,0,118,0,Auto,FreeLocal,Standard,137,1
2455,17,0,27,0,CH,Budget,Standard,44,3
2457,10,0,32,0,Auto,FreeLocal,Standard,43,3
2458,21,0,192,0,CC,FreeLocal,Standard,214,2
2460,8,9,77,0,CH,Budget,Standard,94,2
2467,15,0,6,0,CC,Budget,Standard,22,3
2470,17,0,106,0,Auto,FreeLocal,Standard,123,3
2471,8,0,37,0,CH,FreeLocal,Standard,46,4
2473,11,0,12,0,CH,FreeLocal,Intnl_discount,23,1
2474,2,0,50,0,Auto,Budget,Standard,52,4
2480,9,9,8,0,CC,FreeLocal,Intnl_discount,27,3
2485,0,0,0,0,Auto,Budget,Standard,0,2
2487,2,0,24,0,CH,Budget,Intnl_discount,27,2
2490,1,0,83,0,CC,FreeLocal,Intnl_discount,84,2
2491,3,8,5,0,CC,Budget,Intnl_discount,16,3
2494,28,0,262,0,CC,Budget,Standard,265,1
2499,22,0,82,0,CC,Budget,Intnl_discount,104,3
2502,8,0,99,0,CC,FreeLocal,Standard,108,2
2503,25,0,26,0,Auto,FreeLocal,Intnl_discount,48,3
2504,39,0,154,0,CC,Budget,Intnl_discount,168,3
2507,14,0,9,0,Auto,Budget,Intnl_discount,23,3
2508,42,2,38,0,CC,FreeLocal,Standard,62,3
2509,28,0,106,0,CC,Budget,Standard,134,1
2512,13,0,96,0,CC,FreeLocal,Standard,110,3
2516,21,0,6,0,CC,Budget,Standard,27,4
2517,29,0,13,0,CC,FreeLocal,Standard,42,1
2527,21,0,85,0,CC,Budget,Intnl_discount,107,4
2529,20,0,9,0,Auto,Budget,Intnl_discount,29,1
2530,3,0,40,0,CC,FreeLocal,Standard,44,3
2536,21,0,87,0,CC,Budget,Standard,109,4
2542,0,0,15,0,CC,FreeLocal,Standard,15,4
2543,28,0,60,0,Auto,FreeLocal,Standard,89,4
2544,24,0,5,0,CH,Budget,Standard,29,3
2548,29,0,9,0,CC,Budget,Intnl_discount,38,1
2549,13,0,40,0,CC,Budget,Standard,53,4
2550,23,0,10,0,Auto,Budget,Intnl_discount,34,2
2551,16,0,126,0,CC,FreeLocal,Standard,142,2
2556,21,0,87,0,CC,Budget,Standard,108,2
2558,0,0,11,0,CC,FreeLocal,Intnl_discount,12,4
2559,18,0,136,0,CH,FreeLocal,Standard,154,4
2560,8,0,13,0,CH,Budget,Standard,21,3
2563,23,0,206,0,CC,Budget,Intnl_discount,229,2
2565,2,7,11,1,CC,FreeLocal,Standard,21,2
2569,12,0,46,4,CC,FreeLocal,Standard,58,3
2570,26,0,32,0,CC,Budget,Intnl_discount,58,1
2573,20,0,13,0,CC,Budget,Standard,34,2
2575,9,0,6,0,CC,Budget,Intnl_discount,15,2
2576,17,4,49,1,Auto,FreeLocal,Standard,72,2
2584,14,0,25,0,CC,Budget,Standard,40,3
2586,20,0,39,0,CH,Budget,Intnl_discount,59,1
2595,22,0,40,0,Auto,Budget,Standard,62,3
2598,25,0,179,0,CC,FreeLocal,Standard,206,1
2599,29,0,40,0,CC,FreeLocal,Intnl_discount,69,2
2600,27,0,58,0,Auto,Budget,Standard,86,4
2601,26,0,9,0,CC,FreeLocal,Standard,36,1
2604,17,0,31,0,CH,Budget,Intnl_discount,48,3
2605,17,0,137,2,CC,FreeLocal,Standard,154,1
2606,29,0,52,0,Auto,FreeLocal,Standard,82,4
2608,28,0,84,0,CC,FreeLocal,Standard,112,2
2609,17,0,41,2,Auto,Budget,Standard,58,2
2610,3,0,44,0,CC,FreeLocal,Standard,47,2
2611,22,0,34,0,Auto,Budget,Standard,57,4
2613,11,0,74,0,Auto,FreeLocal,Intnl_discount,86,2
2617,6,0,58,0,CC,Budget,Standard,64,3
2618,17,6,51,0,CC,FreeLocal,Standard,74,3
2621,7,0,196,0,CC,Budget,Standard,203,2
2622,26,0,13,0,CC,FreeLocal,Standard,40,4
2627,22,0,28,0,Auto,Budget,Standard,50,1
2630,13,1,36,0,CH,FreeLocal,Standard,51,3
2632,29,0,8,0,CH,Budget,Intnl_discount,38,1
2635,27,0,23,0,CC,Budget,Standard,51,3
2645,29,0,10,0,CC,FreeLocal,Standard,40,3
2647,11,0,95,0,Auto,Budget,Standard,107,1
2648,0,0,22,0,CC,Budget,Standard,22,2
2653,29,0,90,4,Auto,FreeLocal,Intnl_discount,119,2
2654,15,0,70,0,CC,Budget,Intnl_discount,85,1
2657,5,8,63,0,Auto,FreeLocal,Standard,77,2
2659,17,0,8,0,CH,FreeLocal,Intnl_discount,26,3
2660,13,0,144,0,CC,Budget,Standard,158,3
2661,10,0,93,0,CC,Budget,Standard,104,2
2662,22,0,151,0,Auto,FreeLocal,Intnl_discount,174,3
2663,15,0,8,0,CC,FreeLocal,Intnl_discount,24,4
2666,25,0,252,1,Auto,Budget,Standard,277,3
2675,20,8,80,0,CH,Budget,Intnl_discount,109,3
2678,12,0,7,0,Auto,Budget,Intnl_discount,20,1
2680,8,0,22,0,CC,FreeLocal,Standard,31,2
2681,21,0,256,0,CC,Budget,Standard,278,4
2685,7,8,71,0,CH,Budget,Intnl_discount,87,2
2687,18,0,104,0,CC,Budget,Standard,123,2
2695,45,0,8,0,CH,FreeLocal,Standard,34,4
2698,19,0,118,0,Auto,FreeLocal,Standard,137,1
2699,17,0,27,0,CH,Budget,Standard,44,1
2702,21,0,192,0,CC,FreeLocal,Standard,214,3
2704,8,9,77,0,CH,Budget,Standard,94,2
2708,20,0,19,0,CC,Budget,Standard,41,1
2711,15,0,6,0,CC,Budget,Standard,22,1
2714,17,0,106,0,Auto,FreeLocal,Standard,123,4
2717,11,0,12,0,CH,FreeLocal,Intnl_discount,23,3
2718,2,0,50,0,Auto,Budget,Standard,52,2
2730,29,0,160,0,CC,FreeLocal,Standard,176,1
2736,20,0,106,0,Auto,FreeLocal,Intnl_discount,127,3
2738,45,0,262,0,CC,Budget,Standard,265,1
2745,11,0,5,0,CC,Budget,Standard,17,3
2747,33,0,26,0,Auto,FreeLocal,Intnl_discount,48,4
2748,28,0,154,0,CC,Budget,Intnl_discount,168,4
2749,25,0,61,0,CC,Budget,Standard,65,3
2750,38,0,35,0,Auto,Budget,Standard,41,4
2751,14,0,9,0,Auto,Budget,Intnl_discount,23,3
2752,39,2,38,0,CC,FreeLocal,Standard,62,3
2753,28,0,106,0,CC,Budget,Standard,134,4
2760,21,0,6,0,CC,Budget,Standard,27,4
2764,3,0,25,1,CC,Budget,Intnl_discount,29,3
2770,5,7,76,0,CH,FreeLocal,Intnl_discount,88,2
2771,21,0,85,0,CC,Budget,Intnl_discount,107,1
2772,3,0,37,0,CH,Budget,Intnl_discount,40,1
2773,20,0,9,0,Auto,Budget,Intnl_discount,29,3
2775,18,0,8,0,CC,Budget,Standard,27,1
2786,0,0,15,0,CC,FreeLocal,Standard,15,4
2787,28,0,60,0,Auto,FreeLocal,Standard,89,3
2788,24,0,5,0,CH,Budget,Standard,29,4
2792,29,0,9,0,CC,Budget,Intnl_discount,38,4
2793,13,0,40,0,CC,Budget,Standard,53,3
2798,16,0,114,0,CH,Budget,Standard,130,3
2800,21,0,87,0,CC,Budget,Standard,108,1
2802,0,0,11,0,CC,FreeLocal,Intnl_discount,12,3
2803,18,0,136,0,CC,FreeLocal,Standard,154,2
2813,12,0,46,4,CC,FreeLocal,Standard,58,1
2814,26,0,32,0,CC,Budget,Intnl_discount,58,4
2817,20,0,13,0,CC,Budget,Standard,34,2
2818,9,0,38,0,CC,Budget,Standard,48,4
2825,11,1,22,0,CC,FreeLocal,Standard,36,2
2829,2,7,11,1,CC,FreeLocal,Standard,21,2
2833,12,0,46,4,CC,FreeLocal,Standard,58,2
2834,26,0,32,0,CC,Budget,Intnl_discount,58,2
2837,20,0,13,0,CC,Budget,Standard,34,1
2838,9,0,38,0,CC,Budget,Standard,48,3
2840,17,4,49,1,Auto,FreeLocal,Standard,72,4
2845,11,1,22,0,CC,FreeLocal,Standard,36,2
2848,14,0,25,0,CC,Budget,Standard,40,1
2850,20,0,39,0,CH,Budget,Intnl_discount,59,3
2852,24,0,35,0,CC,FreeLocal,Standard,60,4
2854,2,6,85,0,CC,FreeLocal,Standard,93,2
2855,29,9,104,0,CC,Budget,Standard,143,2
2856,5,0,50,0,CC,FreeLocal,Intnl_discount,55,4
2858,10,9,9,0,CC,FreeLocal,Standard,29,4
2859,22,0,40,0,Auto,Budget,Standard,62,3
2860,16,5,10,0,CC,Budget,Standard,32,1
2861,3,0,11,0,CC,Budget,Standard,14,4
2862,25,0,179,0,CC,FreeLocal,Standard,206,3
2863,29,0,40,0,CC,FreeLocal,Intnl_discount,69,4
2864,27,0,58,0,Auto,Budget,Standard,86,3
2865,26,0,9,0,CC,FreeLocal,Standard,36,4
2866,28,0,8,0,CC,FreeLocal,Intnl_discount,36,4
2867,22,0,20,0,CC,Budget,Intnl_discount,43,4
2868,17,0,31,0,CH,Budget,Intnl_discount,48,4
2874,3,0,44,0,CC,FreeLocal,Standard,47,4
2875,22,0,34,0,Auto,Budget,Standard,57,1
2879,22,0,27,0,CH,Budget,Standard,49,1
2881,6,0,58,0,CC,Budget,Standard,64,1
2894,13,1,36,0,CH,FreeLocal,Standard,51,1
2896,29,0,8,0,CH,Budget,Intnl_discount,38,1
2899,27,0,23,0,CC,Budget,Standard,51,4
2900,11,0,25,0,CC,FreeLocal,Standard,37,1
2908,10,0,57,0,CC,FreeLocal,Standard,67,3
2911,11,0,95,0,Auto,Budget,Standard,107,3
2912,0,0,22,0,CC,Budget,Standard,22,1
2917,29,0,90,4,Auto,FreeLocal,Intnl_discount,119,2
2918,15,0,70,0,CC,Budget,Intnl_discount,85,3
2922,6,0,30,0,Auto,FreeLocal,Intnl_discount,37,1
2924,13,0,144,0,CC,Budget,Standard,158,4
2925,10,0,93,0,CC,Budget,Standard,104,4
2928,13,0,11,0,Auto,FreeLocal,Standard,25,4
2930,25,0,252,1,Auto,Budget,Standard,277,2
2931,3,3,26,1,CH,FreeLocal,Standard,34,2
2932,17,0,39,0,CC,Budget,Intnl_discount,57,3
2935,22,0,103,1,CC,FreeLocal,Standard,126,4
2939,20,8,80,0,CH,Budget,Intnl_discount,109,4
2942,12,0,7,0,Auto,Budget,Intnl_discount,20,4
2944,8,0,22,0,CC,FreeLocal,Standard,31,1
2945,21,0,256,0,CC,Budget,Standard,278,3
2946,28,0,113,0,CC,FreeLocal,Standard,141,4
2951,18,0,104,0,CC,Budget,Standard,123,4
2952,18,0,25,0,Auto,FreeLocal,Standard,44,4
2960,0,0,112,0,CC,Budget,Standard,113,3
2962,19,0,118,0,Auto,FreeLocal,Standard,137,3
2963,17,0,27,0,CH,Budget,Standard,44,4
2965,10,0,32,0,Auto,FreeLocal,Standard,43,4
2968,8,9,77,0,CH,Budget,Standard,94,4
2972,20,0,19,0,CC,Budget,Standard,41,2
2975,15,0,6,0,CC,Budget,Standard,22,2
2978,17,0,106,0,Auto,FreeLocal,Standard,123,3
2979,8,0,37,0,CH,FreeLocal,Standard,46,2
2981,11,0,12,0,CH,FreeLocal,Intnl_discount,23,1
2982,2,0,50,0,Auto,Budget,Standard,52,3
2988,9,9,8,0,CC,FreeLocal,Intnl_discount,27,1
2993,0,0,0,0,Auto,Budget,Standard,0,3
2994,43,0,160,0,CC,FreeLocal,Standard,176,1
2995,2,0,24,0,CH,Budget,Intnl_discount,27,4
2998,1,0,83,0,CC,FreeLocal,Intnl_discount,84,4
3000,20,0,106,0,Auto,FreeLocal,Intnl_discount,127,1
3002,42,0,262,0,CC,Budget,Standard,265,4
3007,22,0,82,0,CC,Budget,Intnl_discount,104,2
3009,11,0,5,0,CC,Budget,Standard,17,3
3010,8,0,99,0,CC,FreeLocal,Standard,108,2
3011,45,0,26,0,Auto,FreeLocal,Intnl_discount,48,3
3012,29,0,154,0,CC,Budget,Intnl_discount,168,1
3014,33,0,35,0,Auto,Budget,Standard,41,2
3017,28,0,106,0,CC,Budget,Standard,134,1
3024,21,0,6,0,CC,Budget,Standard,27,1
3025,29,0,13,0,CC,FreeLocal,Standard,42,4
3034,5,7,76,0,CH,FreeLocal,Intnl_discount,88,2
3035,21,0,85,0,CC,Budget,Intnl_discount,107,4
3037,20,0,9,0,Auto,Budget,Intnl_discount,29,4
3038,3,0,40,0,CC,FreeLocal,Standard,44,2
3039,18,0,8,0,CC,Budget,Standard,27,2
3041,20,4,117,0,CH,Budget,Intnl_discount,142,3
3044,21,0,87,0,CC,Budget,Standard,109,4
3047,13,0,8,0,CH,FreeLocal,Standard,22,1
3051,28,0,60,0,Auto,FreeLocal,Standard,89,3
3054,29,0,40,0,CC,Budget,Intnl_discount,70,3
3056,29,0,9,0,CC,Budget,Intnl_discount,38,3
3057,13,0,40,0,CC,Budget,Standard,53,3
3058,23,0,10,0,Auto,Budget,Intnl_discount,34,1
3059,16,0,126,0,CC,FreeLocal,Standard,142,1
3062,16,0,114,0,CH,Budget,Standard,130,3
3066,0,0,11,0,Auto,FreeLocal,Intnl_discount,12,2
3067,18,0,136,0,CC,FreeLocal,Standard,154,2
3068,8,0,13,0,CH,Budget,Standard,21,1
3077,12,0,46,4,CC,FreeLocal,Standard,58,1
3078,26,0,32,0,CC,Budget,Intnl_discount,58,4
3082,9,0,38,0,CC,Budget,Standard,48,1
3083,9,0,6,0,CC,Budget,Intnl_discount,15,2
3089,11,1,22,0,CC,FreeLocal,Standard,36,2
3092,14,0,25,0,CC,Budget,Standard,40,1
3094,20,0,39,0,CH,Budget,Intnl_discount,59,3
3103,22,0,40,0,Auto,Budget,Standard,62,4
3105,3,0,11,0,CC,Budget,Standard,14,4
3106,25,0,179,0,CC,FreeLocal,Standard,206,4
3108,27,0,58,0,Auto,Budget,Standard,86,2
3114,29,0,52,0,Auto,FreeLocal,Standard,82,1
3115,27,0,57,0,CC,Budget,Standard,85,1
3118,3,0,44,0,CC,FreeLocal,Standard,47,2
3123,22,0,27,0,CH,Budget,Standard,49,4
3125,6,0,58,0,CC,Budget,Standard,64,4
3130,26,0,13,0,CC,FreeLocal,Standard,40,4
3143,27,0,23,0,CC,Budget,Standard,51,3
3144,11,0,25,0,CC,FreeLocal,Standard,37,4
3152,10,0,57,0,CC,FreeLocal,Standard,67,1
3156,0,0,22,0,CC,Budget,Standard,22,3
3158,5,0,17,0,CH,Budget,Standard,22,2
3162,15,0,70,0,CC,Budget,Intnl_discount,85,2
3165,5,8,63,0,Auto,FreeLocal,Standard,77,1
3166,6,0,30,0,Auto,FreeLocal,Intnl_discount,37,1
3167,17,0,8,0,CH,FreeLocal,Intnl_discount,26,1
3168,13,0,144,0,CC,Budget,Standard,158,3
3170,22,0,151,0,Auto,FreeLocal,Intnl_discount,174,1
3171,15,0,8,0,CC,FreeLocal,Intnl_discount,24,1
3174,25,0,252,1,Auto,Budget,Standard,277,1
3175,3,3,26,1,CC,FreeLocal,Standard,34,4
3176,17,0,39,0,CC,Budget,Intnl_discount,57,4
3177,5,8,25,0,CC,Budget,Intnl_discount,39,2
3179,22,0,103,1,CC,FreeLocal,Standard,126,1
3183,20,8,80,0,CH,Budget,Intnl_discount,109,3
3186,12,0,7,0,Auto,Budget,Intnl_discount,20,3
3188,8,0,22,0,CC,FreeLocal,Standard,31,4
3189,21,0,256,0,CC,Budget,Standard,278,1
3194,1,0,29,0,CC,Budget,Standard,31,4
3195,18,0,104,0,CC,Budget,Standard,123,3
3196,18,0,25,0,Auto,FreeLocal,Standard,44,3
3207,17,0,27,0,CH,Budget,Standard,44,1
3209,10,0,32,0,Auto,FreeLocal,Standard,43,4
3210,21,0,192,0,CC,FreeLocal,Standard,214,2
3216,20,0,19,0,CC,Budget,Standard,41,2
3219,15,0,6,0,CC,Budget,Standard,22,2
3223,8,0,37,0,CH,FreeLocal,Standard,46,1
3225,11,0,12,0,CH,FreeLocal,Intnl_discount,23,3
3226,2,0,50,0,Auto,Budget,Standard,52,1
3237,0,0,0,0,Auto,Budget,Standard,0,1
3239,2,0,24,0,CH,Budget,Intnl_discount,27,3
3242,1,0,83,0,CC,FreeLocal,Intnl_discount,84,1
3243,3,8,5,0,CC,Budget,Intnl_discount,16,4
3244,20,0,106,0,Auto,FreeLocal,Intnl_discount,127,4
3253,11,0,5,0,CC,Budget,Standard,17,1
3261,28,0,106,0,CC,Budget,Standard,134,3
3269,29,0,13,0,CC,FreeLocal,Standard,42,4
3272,3,0,25,1,CC,Budget,Intnl_discount,29,2
3280,3,0,37,0,CH,Budget,Intnl_discount,40,1
3281,20,0,9,0,Auto,Budget,Intnl_discount,29,1
3288,21,0,87,0,CC,Budget,Standard,109,2
3294,0,0,15,0,CC,FreeLocal,Standard,15,1
3295,28,0,60,0,Auto,FreeLocal,Standard,89,1
3296,24,0,5,0,CH,Budget,Standard,29,3
3298,29,0,40,0,CC,Budget,Intnl_discount,70,3
3300,29,0,9,0,CC,Budget,Intnl_discount,38,2
3301,13,0,40,0,CC,Budget,Standard,53,2
3302,23,0,10,0,Auto,Budget,Intnl_discount,34,1
3306,16,0,114,0,CH,Budget,Standard,130,4
3308,21,0,87,0,CC,Budget,Standard,108,4
3311,18,0,136,0,CC,FreeLocal,Standard,154,4
3312,8,0,13,0,CH,Budget,Standard,21,2
3315,23,0,206,0,CC,Budget,Intnl_discount,229,3
3322,26,0,32,0,CC,Budget,Intnl_discount,58,4
3325,20,0,13,0,CC,Budget,Standard,34,4
3327,9,0,6,0,CC,Budget,Intnl_discount,15,2
3333,11,1,22,0,CC,FreeLocal,Standard,36,4
3336,14,0,25,0,CC,Budget,Standard,40,2
3343,29,9,104,0,CC,Budget,Standard,143,3
3352,27,0,58,0,Auto,Budget,Standard,86,4
3355,22,0,20,0,CC,Budget,Intnl_discount,43,2
3358,29,0,52,0,Auto,FreeLocal,Standard,82,3
3367,22,0,27,0,CH,Budget,Standard,49,4
3382,13,1,36,0,CH,FreeLocal,Standard,51,4
3384,29,0,8,0,CH,Budget,Intnl_discount,38,1
3387,27,0,23,0,CC,Budget,Standard,51,2
3396,10,0,57,0,CC,FreeLocal,Standard,67,4
3399,11,0,95,0,Auto,Budget,Standard,107,2
3400,0,0,22,0,CC,Budget,Standard,22,4
3402,5,0,17,0,CH,Budget,Standard,22,2
3405,29,0,90,4,Auto,FreeLocal,Intnl_discount,119,3
3409,5,8,63,0,Auto,FreeLocal,Standard,77,4
3410,6,0,30,0,Auto,FreeLocal,Intnl_discount,37,3
3411,17,0,8,0,CH,FreeLocal,Intnl_discount,26,3
3412,13,0,144,0,CC,Budget,Standard,158,2
3413,10,0,93,0,CC,Budget,Standard,104,1
3414,22,0,151,0,Auto,FreeLocal,Intnl_discount,174,4
3416,13,0,11,0,Auto,FreeLocal,Standard,25,1
3418,25,0,252,1,Auto,Budget,Standard,277,1
3419,3,3,26,1,CC,FreeLocal,Standard,34,1
3423,22,0,103,1,CC,FreeLocal,Standard,126,4
3424,4,7,258,0,CC,Budget,Intnl_discount,270,4
3427,20,8,80,0,CH,Budget,Intnl_discount,109,1
3430,12,0,7,0,Auto,Budget,Intnl_discount,20,4
3432,8,0,22,0,CC,FreeLocal,Standard,31,3
3438,1,0,29,0,CC,Budget,Standard,31,4
3439,18,0,104,0,CC,Budget,Standard,123,2
3440,18,0,25,0,Auto,FreeLocal,Standard,44,3
3451,17,0,27,0,CH,Budget,Standard,44,1
3456,8,9,77,0,CH,Budget,Standard,94,4
3460,20,0,19,0,CC,Budget,Standard,41,2
3466,17,0,106,0,Auto,FreeLocal,Standard,123,4
3470,2,0,50,0,Auto,Budget,Standard,52,2
3476,9,9,8,0,CC,FreeLocal,Intnl_discount,27,2
3481,0,0,0,0,Auto,Budget,Standard,0,4
3486,1,0,83,0,CC,FreeLocal,Intnl_discount,84,2
3487,3,8,5,0,CC,Budget,Intnl_discount,16,1
3488,20,0,106,0,Auto,FreeLocal,Intnl_discount,127,1
3495,22,0,82,0,CC,Budget,Intnl_discount,104,2
3503,14,0,9,0,Auto,Budget,Intnl_discount,23,2
3505,28,0,106,0,CC,Budget,Standard,134,1
3508,13,0,96,0,CC,FreeLocal,Standard,110,3
3512,21,0,6,0,CC,Budget,Standard,27,1
3513,29,0,13,0,CC,FreeLocal,Standard,42,3
3522,5,7,76,0,CH,FreeLocal,Intnl_discount,88,2
3523,21,0,85,0,CC,Budget,Intnl_discount,107,1
3524,3,0,37,0,CH,Budget,Intnl_discount,40,1
3525,20,0,9,0,Auto,Budget,Intnl_discount,29,1
3526,3,0,40,0,CC,FreeLocal,Standard,44,4
3527,18,0,8,0,CC,Budget,Standard,27,3
3529,20,4,117,0,CH,Budget,Intnl_discount,142,1
3532,21,0,87,0,CC,Budget,Standard,109,3
3535,13,0,8,0,CH,FreeLocal,Standard,22,1
3538,0,0,15,0,CC,FreeLocal,Standard,15,4
3539,28,0,60,0,Auto,FreeLocal,Standard,89,3
3540,24,0,5,0,CH,Budget,Standard,29,3
3544,29,0,9,0,CC,Budget,Intnl_discount,38,2
3545,13,0,40,0,CC,Budget,Standard,53,4
3546,23,0,10,0,Auto,Budget,Intnl_discount,34,1
3547,16,0,126,0,CC,FreeLocal,Standard,142,3
3550,16,0,114,0,CH,Budget,Standard,130,2
3551,7,0,6,0,CC,Budget,Standard,13,3
3552,21,0,87,0,CC,Budget,Standard,108,3
3554,0,0,11,0,CC,FreeLocal,Intnl_discount,12,4
3555,18,0,136,0,CH,FreeLocal,Standard,154,1
3556,8,0,13,0,CH,Budget,Standard,21,1
3559,23,0,206,0,CC,Budget,Intnl_discount,229,3
3565,12,0,46,4,CC,FreeLocal,Standard,58,4
3566,26,0,32,0,CC,Budget,Intnl_discount,58,3
3569,20,0,13,0,CC,Budget,Standard,34,3
3571,9,0,6,0,CC,Budget,Intnl_discount,15,2
3572,17,4,49,1,Auto,FreeLocal,Standard,72,4
3580,14,0,25,0,CC,Budget,Standard,40,3
3582,20,0,39,0,CH,Budget,Intnl_discount,59,3
3592,16,5,10,0,CC,Budget,Standard,32,4
3593,3,0,11,0,CC,Budget,Standard,14,2
3596,27,0,58,0,Auto,Budget,Standard,86,1
3602,29,0,52,0,Auto,FreeLocal,Standard,82,2
3607,22,0,34,0,Auto,Budget,Standard,57,3
3611,22,0,27,0,CH,Budget,Standard,49,3
3613,6,0,58,0,CC,Budget,Standard,64,2
3623,22,0,28,0,Auto,Budget,Standard,50,3
3626,13,1,36,0,CH,FreeLocal,Standard,51,4
3631,27,0,23,0,CC,Budget,Standard,51,1
3632,11,0,25,0,CC,FreeLocal,Standard,37,4
3640,10,0,57,0,CC,FreeLocal,Standard,67,4
3641,29,0,10,0,CC,FreeLocal,Standard,40,4
3643,11,0,95,0,Auto,Budget,Standard,107,1
3644,0,0,22,0,CC,Budget,Standard,22,1
3649,29,0,90,4,Auto,FreeLocal,Intnl_discount,119,3
3653,5,8,63,0,Auto,FreeLocal,Standard,77,2
3654,6,0,30,0,Auto,FreeLocal,Intnl_discount,37,4
3656,13,0,144,0,CC,Budget,Standard,158,1
3660,13,0,11,0,Auto,FreeLocal,Standard,25,1
3662,25,0,252,1,Auto,Budget,Standard,277,3
3663,3,3,26,1,CC,FreeLocal,Standard,34,4
3664,17,0,39,0,CC,Budget,Intnl_discount,57,3
3671,20,8,80,0,CH,Budget,Intnl_discount,109,3
3672,4,0,91,1,CC,Budget,Standard,96,3
3673,3,0,11,1,CC,Budget,Standard,15,2
3674,12,0,7,0,Auto,Budget,Intnl_discount,20,4
3678,28,0,113,0,CC,FreeLocal,Standard,141,2
3679,24,0,73,0,CH,FreeLocal,Standard,97,2
3680,4,0,91,1,CC,Budget,Standard,96,3
3681,3,0,11,1,CC,Budget,Standard,15,1
3682,1,0,29,0,CC,Budget,Standard,31,4
3683,18,0,104,0,CC,Budget,Standard,123,3
3686,12,0,163,0,CC,Budget,Intnl_discount,175,2
3687,24,0,73,0,CH,FreeLocal,Standard,97,3
3688,4,0,91,1,CC,Budget,Standard,96,4
3689,3,0,11,1,CC,Budget,Standard,15,1
3692,0,0,112,0,CC,Budget,Standard,113,1
3694,19,0,118,0,Auto,FreeLocal,Standard,137,2
3695,17,0,27,0,CH,Budget,Standard,44,4
3698,21,0,192,0,CC,FreeLocal,Standard,214,2
3706,12,0,163,0,CC,Budget,Intnl_discount,175,1
3707,15,0,6,0,CC,Budget,Standard,22,1
3708,24,0,73,0,CH,FreeLocal,Standard,97,2
3709,4,0,91,1,CC,Budget,Standard,96,3
3710,17,0,106,0,Auto,FreeLocal,Standard,123,2
3711,8,0,37,0,CH,FreeLocal,Standard,46,2
3712,3,0,11,1,CC,Budget,Standard,15,1
3714,2,0,50,0,Auto,Budget,Standard,52,1
3715,12,0,163,0,CC,Budget,Intnl_discount,200,2
3717,4,0,91,1,CC,Budget,Standard,96,4
3721,24,0,73,0,CH,FreeLocal,Standard,97,2
3723,3,0,11,1,CC,Budget,Standard,15,1
3727,2,0,24,0,CH,Budget,Intnl_discount,27,4
3730,1,0,83,0,CC,FreeLocal,Intnl_discount,84,2
3731,3,8,5,0,CC,Budget,Intnl_discount,16,4
3732,20,0,106,0,Auto,FreeLocal,Intnl_discount,127,4
3739,22,0,82,0,CC,Budget,Intnl_discount,104,2
3741,11,0,5,0,CC,Budget,Standard,17,1
3742,8,0,99,0,CC,FreeLocal,Standard,108,4
3752,13,0,96,0,CC,FreeLocal,Standard,110,3
3760,3,0,25,1,CC,Budget,Intnl_discount,29,1
3767,21,0,85,0,CC,Budget,Intnl_discount,107,2
3768,3,0,37,0,CH,Budget,Intnl_discount,40,1
3769,20,0,9,0,Auto,Budget,Intnl_discount,29,2
3770,3,0,40,0,CC,FreeLocal,Standard,44,3
3773,20,4,117,0,CH,Budget,Intnl_discount,142,1
3779,13,0,8,0,CH,FreeLocal,Standard,22,2
3782,0,0,15,0,CC,FreeLocal,Standard,15,1
3783,28,0,60,0,Auto,FreeLocal,Standard,89,1
3786,29,0,40,0,CC,Budget,Intnl_discount,70,3
3788,29,0,9,0,CC,Budget,Intnl_discount,38,2
3789,13,0,40,0,CC,Budget,Standard,53,1
3790,23,0,10,0,Auto,Budget,Intnl_discount,34,1
3791,16,0,126,0,CC,FreeLocal,Standard,142,4
3798,0,0,11,0,Auto,FreeLocal,Intnl_discount,12,2
3799,18,0,136,0,CC,FreeLocal,Standard,154,1
3800,8,0,13,0,CH,Budget,Standard,21,2
3801,6,0,6,0,CC,Budget,Standard,13,2
3803,29,0,45,0,CH,FreeLocal,Standard,75,2
3805,24,0,22,0,CC,FreeLocal,Standard,47,1
3808,26,0,32,1,CC,Budget,Standard,59,1
3821,0,0,28,0,CC,FreeLocal,Standard,29,4
3823,28,0,45,0,CH,Budget,Standard,74,4
3824,26,0,12,0,CC,FreeLocal,Standard,38,4
29,22,0,178,0,CC,Budget,Standard,200,3
40,13,0,87,0,CC,FreeLocal,Standard,100,4
96,22,8,16,0,CC,FreeLocal,Standard,47,3
205,27,5,16,0,CH,FreeLocal,Standard,49,4
270,14,1,149,0,CC,FreeLocal,Intnl_discount,166,4
302,27,5,48,0,CC,FreeLocal,Intnl_discount,81,2
309,26,0,108,0,CC,Budget,Standard,134,4
418,5,7,23,0,Auto,Budget,Standard,35,3
419,29,0,66,0,Auto,FreeLocal,Standard,96,2
426,22,4,43,0,CC,Budget,Standard,69,3
552,13,0,87,0,CC,FreeLocal,Standard,100,4
608,22,8,16,0,CC,FreeLocal,Standard,47,3
656,2,0,17,1,Auto,Budget,Standard,19,2
714,9,0,47,0,CC,Budget,Intnl_discount,57,2
717,27,5,16,0,CH,FreeLocal,Standard,49,3
725,21,0,35,0,CC,Budget,Standard,57,4
782,14,1,149,0,CC,FreeLocal,Intnl_discount,166,4
814,27,5,48,0,CC,FreeLocal,Intnl_discount,81,3
818,29,8,99,0,CH,FreeLocal,Standard,138,3
821,26,0,108,0,CC,Budget,Standard,134,3
849,26,0,17,0,CC,FreeLocal,Standard,44,1
878,9,6,47,0,Auto,FreeLocal,Standard,63,2
931,29,0,66,0,Auto,FreeLocal,Standard,96,2
938,22,4,43,0,CC,Budget,Standard,69,2
1006,28,0,97,0,CC,FreeLocal,Standard,125,1
1053,22,0,178,0,CC,Budget,Standard,200,2
1079,12,0,311,0,CC,Budget,Standard,323,4
1229,27,5,16,0,CH,FreeLocal,Standard,49,3
1231,25,0,32,0,CC,FreeLocal,Standard,58,1
1237,21,0,35,0,CC,Budget,Standard,57,3
1239,7,0,32,0,CC,FreeLocal,Intnl_discount,39,2
1297,4,6,18,0,CC,FreeLocal,Standard,29,2
1326,27,5,48,0,CC,FreeLocal,Intnl_discount,81,3
1330,29,8,99,0,CH,FreeLocal,Standard,138,4
1361,26,0,17,0,CC,FreeLocal,Standard,44,3
1442,5,7,23,0,Auto,Budget,Standard,35,4
1443,29,0,66,0,Auto,FreeLocal,Standard,96,4
1450,22,4,43,0,CC,Budget,Standard,69,3
1518,28,0,97,0,CC,FreeLocal,Standard,125,1
1545,2,0,28,0,CC,FreeLocal,Standard,31,2
1565,22,0,178,0,CC,Budget,Standard,200,2
1576,13,0,87,0,CC,FreeLocal,Standard,100,2
1591,12,0,311,0,CC,Budget,Standard,323,4
1717,16,0,10,0,CC,FreeLocal,Intnl_discount,26,3
1741,27,5,16,0,CH,FreeLocal,Standard,49,4
1743,25,0,32,0,CC,FreeLocal,Standard,58,3
1749,21,0,35,0,CC,Budget,Standard,57,2
1751,7,0,32,0,CC,FreeLocal,Intnl_discount,39,2
1806,14,1,149,0,CC,FreeLocal,Intnl_discount,166,4
1809,4,6,18,0,CC,FreeLocal,Standard,29,2
1842,29,8,99,0,CH,FreeLocal,Standard,138,2
1845,26,0,108,0,CC,Budget,Standard,134,2
1873,26,0,17,0,CC,FreeLocal,Standard,44,2
1902,9,6,47,0,Auto,FreeLocal,Standard,63,2
1962,22,4,43,0,CC,Budget,Standard,69,3
2106,2,0,17,1,Auto,Budget,Standard,19,2
2124,16,0,10,0,CC,FreeLocal,Intnl_discount,26,4
2136,25,0,32,0,CC,FreeLocal,Standard,58,1
2176,26,0,17,0,CC,FreeLocal,Standard,44,2
2207,0,0,1,0,CH,FreeLocal,Standard,1,2
2215,5,7,23,0,Auto,Budget,Standard,35,3
2220,22,4,43,0,CC,Budget,Standard,69,3
2276,28,0,97,0,CC,FreeLocal,Standard,125,1
2308,22,0,178,0,CC,Budget,Standard,200,1
2393,16,0,10,0,CC,FreeLocal,Intnl_discount,26,1
2405,25,0,32,0,CC,FreeLocal,Standard,58,1
2429,14,1,149,0,CC,FreeLocal,Intnl_discount,166,4
2445,26,0,17,0,CC,FreeLocal,Standard,44,1
2484,5,7,23,0,Auto,Budget,Standard,35,2
2489,22,4,43,0,CC,Budget,Standard,69,1
2545,28,0,97,0,CC,FreeLocal,Standard,125,4
2619,2,0,17,1,Auto,Budget,Standard,19,2
2637,16,0,10,0,CC,FreeLocal,Intnl_discount,26,2
2673,14,1,149,0,CC,FreeLocal,Intnl_discount,166,4
2728,5,7,23,0,Auto,Budget,Standard,35,3
2733,22,4,43,0,CC,Budget,Standard,69,2
2789,28,0,97,0,CC,FreeLocal,Standard,125,3
2841,22,0,178,0,CC,Budget,Standard,200,1
2901,16,0,10,0,CC,FreeLocal,Intnl_discount,26,1
2913,25,0,32,0,CC,FreeLocal,Standard,58,2
2937,14,1,149,0,CC,FreeLocal,Intnl_discount,166,4
2984,0,0,1,0,CH,FreeLocal,Standard,1,2
2992,5,7,23,0,Auto,Budget,Standard,35,1
2997,22,4,43,0,CC,Budget,Standard,69,4
3053,28,0,97,0,CC,FreeLocal,Standard,125,3
3085,22,0,178,0,CC,Budget,Standard,200,3
3197,26,0,17,0,CC,FreeLocal,Standard,44,2
3228,0,0,1,0,CH,FreeLocal,Standard,1,2
3236,5,7,23,0,Auto,Budget,Standard,35,4
3241,22,4,43,0,CC,Budget,Standard,69,4
3389,16,0,10,0,CC,FreeLocal,Intnl_discount,26,2
3401,25,0,32,0,CC,FreeLocal,Standard,58,2
3485,22,4,43,0,CC,Budget,Standard,69,2
3633,16,0,10,0,CC,FreeLocal,Intnl_discount,26,3
3645,25,0,32,0,CC,FreeLocal,Standard,58,3
3724,5,7,23,0,Auto,Budget,Standard,35,2
3785,28,0,97,0,CC,FreeLocal,Standard,125,4
3806,2,0,28,0,CC,FreeLocal,Standard,31,2